{"cameraMode":{"drawMode":0,"name":"Shaded","section":"Shading Mode"},"sceneLighting":true,"audioPlay":false,"sceneViewState":{"showFog":true,"showMaterialUpdate":false,"showSkybox":true,"showFlares":true,"showImageEffects":true,"showParticleSystems":true},"in2DMode":false,"pivot":{"x":11.398225784301758,"y":3.537792205810547,"z":20.50507164001465},"rotation":{"x":-0.05114910751581192,"y":0.9041892886161804,"z":-0.11316625773906708,"w":-0.4086795151233673},"size":3.7148430347442629,"orthographic":false}