{"cameraMode":{"drawMode":0,"name":"Shaded","section":"Shading Mode"},"sceneLighting":false,"audioPlay":false,"sceneViewState":{"showFog":true,"showMaterialUpdate":false,"showSkybox":false,"showFlares":true,"showImageEffects":true,"showParticleSystems":true},"in2DMode":false,"pivot":{"x":4.246176242828369,"y":-46.67734909057617,"z":125.95121765136719},"rotation":{"x":-0.17982430756092072,"y":0.0315711535513401,"z":-0.005774341523647308,"w":-0.9831750392913818},"size":143.8976287841797,"orthographic":false}