{"cameraMode":{"drawMode":0,"name":"Shaded","section":"Shading Mode"},"sceneLighting":true,"audioPlay":false,"sceneViewState":{"showFog":true,"showMaterialUpdate":false,"showSkybox":true,"showFlares":true,"showImageEffects":true,"showParticleSystems":true},"in2DMode":false,"pivot":{"x":-3.4079790115356447,"y":5.665068626403809,"z":6.686358451843262},"rotation":{"x":-0.0623447485268116,"y":0.02155628241598606,"z":-0.0013472953578457237,"w":-0.9978209733963013},"size":19.611061096191408,"orthographic":false}